Size;Time
20;0.0
40;0.0002498030662536621
60;0.0011266469955444336
80;0.002434372901916504
100;0.00430750846862793
120;0.007073879241943359
140;0.011382699012756348
160;0.01643306016921997
180;0.0239713191986084
200;0.03296804428100586
220;0.04397761821746826
240;0.05979377031326294
260;0.0736079216003418
280;0.09461641311645508
300;0.11680132150650024
